country,iso_code,start_year,end_year,population_start,co2_start,co2_end,gdp_per_capita_start,gdp_per_capita_end,energy_intensity_start,energy_intensity_end,carbon_intensity_start,carbon_intensity_end,co2_pct,gdp_per_capita_pct,energy_intensity_pct,carbon_intensity_pct,score_decarbonization,score_prosperity,score_efficiency,score_clean,kaya_score
Hungary,HUN,2000,2022,10190598.0,58.244407653808594,45.26734161376953,13164.242711762352,29468.830342136993,2.0931729851780524e-09,9.357421811944448e-10,0.2074213999497898,0.1695107681808187,-0.22280364008801956,1.2385511257557085,-0.5529551605048795,-0.1827710726962024,85.23363667400163,100.0,100.0,68.96729609945749,87.81191502706486
Czechia,CZE,2000,2022,10236809.0,127.23348999023438,95.0396728515625,17027.720864187268,32133.41223685532,2.7221905998381798e-09,1.308400259485563e-09,0.268140112714127,0.211793275465233,-0.2530294275598576,0.8871235025022268,-0.519357586657106,-0.21013952995897797,87.7524522966548,89.73850022747516,100.0,72.87707570842542,86.97962967297158
Romania,ROU,2000,2022,22046264.0,93.20626068115234,73.18602752685547,7159.457596624989,26334.19763949868,2.663037214176945e-09,7.135645109235291e-10,0.22174443254392,0.2032009688939359,-0.21479493982473707,2.6782392079412247,-0.7320486145950957,-0.08362538548205163,84.56624498539475,100.0,100.0,54.80362649743594,84.0707801199774
Slovakia,SVK,2000,2022,5380001.0,41.18703842163086,31.58946418762207,13865.257634152857,27472.1486181289,2.925757963001917e-09,1.1964109991044371e-09,0.1887173671851365,0.1756015373563791,-0.2330241406473226,0.9813658961849793,-0.5910765640104819,-0.06949985591888018,86.08534505394354,98.30599056227084,100.0,52.785693702697166,83.59852458242507
Estonia,EST,2000,2022,1397001.0,15.470973014831545,11.966226577758787,16840.167575399017,29627.48241269305,2.3589601416058195e-09,1.582663582727889e-09,0.2787750484396081,0.1890210529189133,-0.22653691100830342,0.7593341800217238,-0.3290842202825354,-0.32195849672729404,85.54474258402529,78.12128909288397,75.5834600403622,88.85121381818486,82.52324051104723
Angola,AGO,2000,2022,16194873.0,15.995107650756836,21.08900451660156,1451.8288668271744,4443.555847072717,1.3040230867934872e-09,6.164692940448524e-10,0.5216856768466807,0.2160413503403096,0.3184659320253901,2.0606609006085277,-0.5272558436363941,-0.5858783172921912,40.127838997884155,100.0,100.0,100.0,82.03835169936525
Poland,POL,2000,2022,38258077.0,317.30621337890625,314.8919677734375,12760.904893390223,32069.76159986937,2.084204271350913e-09,9.64132892921672e-10,0.3118413385733726,0.2653133492902885,-0.007608567067628822,1.5131259787447027,-0.5374095974303169,-0.14920404554425876,67.30071392230239,100.0,100.0,64.17200650632267,81.23321580327138
North Macedonia,MKD,2000,2022,2057254.0,8.467602729797363,7.352170944213867,7927.069037658937,15634.003673985291,1.891570137841878e-09,1.0682620415252484e-09,0.2744969157712439,0.2392181168181478,-0.1317293478658734,0.9722300385821296,-0.4352511597883199,-0.12852165880980687,77.64411232215612,97.47545805292089,90.75016568404571,61.21737982997241,81.1164763041793
Denmark,DNK,2000,2022,5339659.0,54.30657577514648,29.09432029724121,39016.28857367109,50725.73838388955,1.13529122115552e-09,6.486633384259333e-10,0.22960728452276,0.1497941957898076,-0.4642578751843107,0.30011695725769805,-0.4286370524686063,-0.34760695375516654,100.0,36.37426884160891,89.8052932098009,92.51527910788093,80.18344562933264
Latvia,LVA,2000,2022,2368320.0,7.081629753112793,6.607996940612793,11285.337613582624,27244.483046517944,1.423849130379243e-09,7.515015716984088e-10,0.1860862585460886,0.1715769528906103,-0.06688189428313596,1.4141486927008253,-0.4722042134490429,-0.07797086022815981,72.240157856928,100.0,96.02917334986329,53.995837175451406,79.37684132091391
Croatia,HRV,2000,2022,4326105.0,19.652681350708008,17.585163116455078,13268.007774892196,26179.635040520538,1.6820877981038502e-09,9.108632057076091e-10,0.2035496587627145,0.1887481905564262,-0.10520285742985627,0.9731398627955092,-0.458492471835068,-0.07271674291305462,75.43357145248802,97.5581693450463,94.07035311929545,53.24524898757923,79.14499664276187
Nigeria,NGA,2000,2022,126382490.0,96.83103942871094,131.44093322753906,2121.5997301445796,5083.773131756857,8.03203074166213e-10,4.6485341345807104e-10,0.4496130132958486,0.2492469161379329,0.35742561479275103,1.396198047880792,-0.4212504553214953,-0.44564123197669403,36.881198767270746,100.0,88.7500650459279,100.0,78.81437263936681
Ireland,IRL,2000,2022,3802589.0,45.249515533447266,36.6756706237793,38847.84050840099,60350.2965374857,1.1734772822330895e-09,6.045948702521393e-10,0.2610315353339923,0.1967034704962399,-0.1894792642217441,0.5535045384166136,-0.48478348971390844,-0.24643790550227598,82.456605351812,59.40950349241942,97.82621281627264,78.06255792889658,78.67023952412713
Sweden,SWE,2000,2022,8872099.0,54.892391204833984,36.34215545654297,34202.995584246746,47124.89122908728,2.1478919843542294e-09,1.2579171221971726e-09,0.0842188271241058,0.0584578921067151,-0.3379381976469159,0.3778001144084619,-0.4143480531795134,-0.305880952004106,94.82818313724297,43.4363740371329,87.76400759707334,86.55442171487229,78.49895539858886
Gabon,GAB,2000,2022,1275578.0,6.12818717956543,5.783253192901611,9829.293100853103,14824.762720559498,7.892522192211477e-10,4.6169758554212085e-10,0.6192797859750433,0.3476054344061586,-0.056286463934066513,0.5082226736399618,-0.4150189580743471,-0.43869404059610795,71.35720532783887,55.29297033090561,87.85985115347816,100.0,77.8023744117737
Uzbekistan,UZB,2000,2022,24787052.0,123.47847747802734,119.10547637939452,4715.197343919721,11264.57522376243,5.089282781264057e-09,1.5054963579906362e-09,0.207591674194977,0.2010144672178134,-0.035415087616471386,1.3889933765525584,-0.7041830012800534,-0.03168338519677851,69.61792396803926,100.0,100.0,47.383340742396925,77.731212376011
United Kingdom,GBR,2000,2022,59057333.0,569.03369140625,311.1180114746094,31995.438946100057,38358.12423322235,1.409909581724535e-09,7.685531902345944e-10,0.2135919180515055,0.1547894046081919,-0.4532520373165514,0.19886225964397472,-0.45489185959390654,-0.2753030825311189,100.0,27.169296331270427,93.55597994198668,82.18615464730271,76.05005873304063
Belarus,BLR,2000,2022,9991310.0,55.01446914672851,57.120548248291016,9149.862676165589,19161.582959237956,2.78934066989457e-09,1.7267315232725106e-09,0.2157438166669439,0.1881973092091821,0.0382822761762075,1.0941935018491398,-0.38095351998084315,-0.12768156178625004,63.47647698531604,100.0,82.99335999726331,61.0973659694643,75.91595658741355
Singapore,SGP,2000,2022,4035251.0,37.36872100830078,48.93388366699219,37706.09919928153,81736.33149418182,2.9116268629919907e-09,1.939427835967922e-09,0.0843510235145088,0.0546362747283443,0.30948778407809074,1.1677217540375873,-0.3339023414645365,-0.3522749048925697,40.87601799349243,100.0,76.27176306636237,93.1821292703671,75.81269032891198
Bulgaria,BGR,2000,2022,8000519.0,45.49931335449219,46.931793212890625,8464.421599398738,20274.385345030416,3.2099522179404163e-09,1.6575616273162847e-09,0.2093104094311728,0.2045937034388352,0.03148354893265675,1.3952475791695662,-0.4836179747311576,-0.022534502728057466,64.04303758894527,100.0,97.65971067587967,46.076357532579635,75.26394279500443
Hong Kong,HKG,2000,2022,6704665.0,39.76544570922851,30.7637996673584,32607.46757906622,47775.87052983339,9.032722878023079e-10,6.095179871150201e-10,0.2013691857426005,0.1415017836721636,-0.22636854387831157,0.4651818763290034,-0.3252112399041954,-0.2973017040798,85.53071198985928,51.38017057536394,75.03017712917078,85.32881486854286,74.84249538376864
Russia,RUS,2000,2022,146717784.0,1480.576416015625,1675.4608154296875,10544.444452125856,25631.56803601492,4.663104133054136e-09,2.31191117844908e-09,0.2052339723889683,0.1942167002384703,0.13162738329880694,1.4308125622348329,-0.5042119771546093,-0.05368152271407381,55.69771805843275,100.0,100.0,50.525931816296264,74.34079837160388
Greece,GRC,2000,2022,10782638.0,102.97276306152344,57.60904693603515,20730.631594235103,25343.88036175048,1.668906178943651e-09,1.1911442074545984e-09,0.2760278386158047,0.1832732222897943,-0.4405409234127737,0.2225329578862544,-0.28627251640440105,-0.33603355658308404,100.0,29.321177989659493,69.46750234348588,90.86193665472629,73.93927912979362
Finland,FIN,2000,2022,5176197.0,57.016998291015625,36.33700180053711,32689.97781614571,40607.409810209545,2.122275874738208e-09,1.41598351955528e-09,0.1587731605609098,0.113471028357301,-0.3626987935234244,0.24219753340283343,-0.33279950245396445,-0.2853261347419587,96.89156612695203,31.108866672984853,76.11421463628065,83.61801924885125,72.97203424580076
Cuba,CUB,2000,2022,11109112.0,25.299177169799805,23.25853729248047,4023.0138320686656,7609.071054579359,2.452166176193652e-09,1.1058699387878631e-09,0.2308477402564349,0.2499185941730151,-0.08066032597120563,0.8913857551085561,-0.5490232474764669,0.08261226163788969,73.38836049760046,90.12597773714145,100.0,31.055391194587184,72.3118503822123
Portugal,PRT,2000,2022,10283196.0,65.5036392211914,40.72249603271485,23218.110152038334,28387.32934564927,1.231500230839875e-09,8.879547429687024e-10,0.2227798722267896,0.1550862420737939,-0.37831704441330466,0.22263737917347784,-0.27896502109210075,-0.3038588247509348,98.19308703444203,29.330670833952528,68.42357444172869,86.26554639299069,72.04169530541415
Switzerland,CHE,2000,2022,7184003.0,43.62051010131836,32.9505615234375,43923.33450890819,63623.00908182043,1.1546240618060002e-09,5.318077123126976e-10,0.1197259600834974,0.110763689275211,-0.24460852367607636,0.4485013442892617,-0.5394105060647421,-0.07485653739620099,87.0507103063397,49.863758571751056,100.0,53.550933913743,71.96888621327543
Azerbaijan,AZE,2000,2022,8174784.0,29.765310287475582,41.17457580566406,4190.411281570253,17034.028419550774,3.854984993846944e-09,1.1990969006541882e-09,0.2254004536666554,0.1958024781657376,0.3833074612022164,3.0650015654710847,-0.6889490095115539,-0.13131284795322654,34.72437823314863,100.0,100.0,61.61612113617523,70.8213437539884
Germany,DEU,2000,2022,81797255.0,898.9757690429688,667.843017578125,33235.35069505694,46495.281015986126,1.4670187638033339e-09,8.838343254560061e-10,0.2254100741559131,0.1932723746589453,-0.25710676463605125,0.3989706756096098,-0.39753031981362474,-0.14257437080979166,88.09223038633759,45.360970509964524,85.36147425908926,63.22491011568453,70.64643412413139
Belgium,BEL,2000,2022,10251719.0,126.77570343017578,88.91497039794922,33721.84372016049,42062.03555365169,2.15022761436241e-09,1.41818158373702e-09,0.1705468054451995,0.1280360019356796,-0.2986434467159483,0.24732312689371255,-0.34045048335148365,-0.2492617988272995,91.55362055966233,31.57482971761023,77.2072119073548,78.4659712610428,70.41772879403291
Netherlands,NLD,2000,2022,16058757.0,172.1538848876953,127.50314331054688,37599.61253402116,49128.039977668086,1.6674633774235935e-09,1.0846838291602023e-09,0.1709878404896297,0.1336373967194598,-0.2593652859258818,0.30661027246532635,-0.34950065839757566,-0.21843918060615072,88.28044049382346,36.96457022412057,78.50009405679653,74.06274008659295,69.94097853718472
Taiwan,TWN,2000,2022,22332873.0,226.9340057373047,273.98883056640625,26470.12426520314,53282.17710252135,1.7273105086002155e-09,1.0552485266826895e-09,0.2222432542108824,0.2080689461906791,0.20735025883944208,1.0129175280285543,-0.38908000534435133,-0.06377834985602567,49.38747843004649,100.0,84.15428647776449,51.96833569371795,69.63918474799634
Spain,ESP,2000,2022,41019772.0,309.259521484375,234.2234649658203,26694.412204412056,33978.56428851686,1.393013655019601e-09,9.79709832115843e-10,0.2027468434620298,0.1471099963812062,-0.24263135426970453,0.27287179160666747,-0.2966976105470714,-0.274415355281441,86.88594618914203,33.89743560060614,70.95680150672449,82.0593364687773,69.24633717543337
Slovenia,SVN,2000,2022,1986817.0,15.05975341796875,12.727840423583984,21682.312686070232,32802.729093418166,1.8214211569943475e-09,1.0175311327431151e-09,0.1919305083351532,0.1802765489582623,-0.15484403560037124,0.5128796253589788,-0.4413531824664795,-0.06071968171178134,79.57033630003093,55.716329578088974,91.62188320949708,51.531383101683055,69.0074057018517
Norway,NOR,2000,2022,4490864.0,42.13100051879883,40.83300018310547,54054.470994668285,88390.41290750103,2.402366053084274e-09,1.1062326991528075e-09,0.0722438805230346,0.0765282739474054,-0.030808675790032387,0.635210025757527,-0.539523671784917,0.0593045859850336,69.23405631583603,66.83727506886609,100.0,34.3850591449952,66.07580044821613
Israel,ISR,2000,2022,6111194.0,59.519378662109375,62.267303466796875,25961.601526477476,36989.70382592035,1.4331042630658623e-09,9.142184563431377e-10,0.2617719152311641,0.2022729717311037,0.046168573437021715,0.4247851307707513,-0.36207121846994167,-0.22729307476517643,62.819285546914855,47.70773916097738,80.29588835284882,75.32758210931092,65.6637936522163
Lebanon,LBN,2000,2022,4329345.0,15.466263771057127,15.360705375671388,5986.1192023273725,8484.94708566049,2.304280565236291e-09,1.3624804901328884e-09,0.2589897040690387,0.231302379141319,-0.006825074041687812,0.41743704040534063,-0.40871762289364544,-0.1069051182063173,67.23542283680732,47.03973094594006,86.95966041337795,58.129302600902484,63.85481732042842
Ukraine,UKR,2000,2022,49556654.0,285.6634826660156,143.0398712158203,5109.223689880273,7531.691929779719,6.261774875228458e-09,2.001447155885165e-09,0.1801774283457267,0.2311640569084712,-0.49927141586012297,0.47413626549520155,-0.6803706304097776,0.2829801103882486,100.0,52.19420595410923,100.0,2.431412801678769,63.656404688947
United States,USA,2000,2022,281484126.0,6023.15771484375,5055.40283203125,45996.97318433154,57075.33610930162,2.0503112471956047e-09,1.3600922536940706e-09,0.2268930947647136,0.1906799045704029,-0.16067234640519537,0.24084982463028304,-0.33664108044357105,-0.15960463773418704,80.05602886709961,30.986347693662093,76.66301149193873,65.65780539059816,63.5104492295827
New Zealand,NZL,2000,2022,3857576.0,32.221126556396484,31.965866088867188,27204.156926785112,39090.66162587244,2.18746541379147e-09,1.1600520372439826e-09,0.1403620696050095,0.1373637380032167,-0.007922145958569006,0.43693707292887723,-0.4696821124895876,-0.02136140917721117,67.3268454965474,48.812461175352475,95.66887321279822,45.908772739601595,63.01213677026239
France,FRA,2000,2022,59483716.0,407.4446411132813,295.3038024902344,34155.16326310212,40308.88784599797,1.5346487980282751e-09,8.632350860630081e-10,0.1306788035288822,0.1280482353573864,-0.2752296319731656,0.18016967260536348,-0.4375031686910405,-0.020130029510978725,89.60246933109711,25.469970236851225,91.07188124157723,45.73286135871124,62.89582494653519
Lithuania,LTU,2000,2022,3500410.0,11.843034744262695,12.895064353942873,10480.143544899029,30108.83074404235,2.139813029396864e-09,7.671555337708876e-10,0.1508693532977547,0.1981852029039802,0.0888310836198322,1.8729406820670065,-0.6414847824404916,0.31362134570062933,59.26407636501398,100.0,100.0,0.0,62.77922290950419
Turkmenistan,TKM,2000,2022,4582675.0,39.36149597167969,102.06282806396484,3993.128176665376,13485.517023533384,7.119320073054412e-09,4.8385282441883495e-09,0.3021348121679655,0.216339880421637,1.5929611043594052,2.3771811038620387,-0.32036652453631453,-0.28396241773898145,0.0,100.0,74.33807493375922,83.42320253414022,60.7234156202869
Australia,AUS,2000,2022,19132472.0,349.89764404296875,384.0784301757813,36171.97568719818,51305.37427437371,1.886051525951657e-09,1.2354755517274587e-09,0.2680674902452012,0.2312625182007749,0.09768795736336833,0.4183735695844635,-0.3449407215404325,-0.13729740973349966,58.52600355305263,47.12486996222395,77.84867450577607,62.471058533357095,60.52651809096626
Italy,ITA,2000,2022,57272200.0,469.5982666015625,340.1147155761719,32541.993280509567,35827.59694949132,1.1268027248669618e-09,8.218432586125847e-10,0.2236096694125236,0.193746241508103,-0.27573260004226724,0.10096504048354063,-0.270641399354428,-0.13355159453917637,89.6443833368556,18.26954913486733,67.23448562206116,61.935942077025196,60.39158492844204
South Africa,ZAF,2000,2022,47159715.0,378.33251953125,428.78216552734375,7550.344703419009,11599.51404295816,3.329053762368963e-09,1.860482126149479e-09,0.3191647446378253,0.3185202639361658,0.1333473687606879,0.536289334936665,-0.44113785509262693,-0.0020192728441571473,55.554385936609336,57.844484994242265,91.59112215608957,43.145610406308165,60.232064062338324
Egypt,EGY,2000,2022,73083287.0,142.83685302734375,249.8986663818359,6078.684938445639,12967.94546603334,1.2797593565112162e-09,7.601496303329656e-10,0.251237378758138,0.2251048707024426,0.749539149633862,1.133347195544787,-0.40602143171257726,-0.10401520739018992,4.205070863844834,100.0,86.5744902446539,57.716458198598566,58.00553385773387
Dominican Republic,DOM,2000,2022,8584196.0,18.9370174407959,31.224796295166016,6563.802643718759,17023.14045252964,1.5079231537522164e-09,6.945330580113068e-10,0.2228831462918041,0.2351575183819135,0.6488761439221485,1.5934875523443655,-0.5394108404774629,0.05507088487542924,12.59365467315429,100.0,100.0,34.989873589224395,57.525564799252386
Canada,CAN,2000,2022,30891800.0,566.6798706054688,547.6576538085938,36827.93747078512,45369.35869140669,3.2060732386566614e-09,2.2509117385632104e-09,0.1553616179846516,0.138139677995955,-0.03356783571039981,0.23192776482248884,-0.29792254542933083,-0.11085067349387395,69.46398630919998,30.175251347498985,71.13179220419013,58.69295335626771,57.28260550953969
South Korea,KOR,2000,2022,46766660.0,439.9806823730469,606.8772583007812,23227.266824528415,41279.54475944245,2.0812649106629134e-09,1.6933194265154275e-09,0.1946129712760914,0.1676655869916119,0.37932705369602476,0.7772019872717224,-0.1863988972090629,-0.1384665374963628,35.0560788586646,79.7456352065202,55.19984245843757,62.638076785194684,57.15272014721562
United Arab Emirates,ARE,2000,2022,3493583.0,112.2768096923828,207.10340881347656,45950.157669647466,76127.22608765696,3.337566931582148e-09,1.7352122529335476e-09,0.2095569208490392,0.1530757022224423,0.8445786746248019,0.6567348176466229,-0.48009664270283753,-0.26952685884941446,0.0,68.79407433151117,97.1566632432625,81.36097983563064,56.97009619043796
Austria,AUT,2000,2022,8012929.0,66.20402526855469,61.454139709472656,34994.714544082446,43996.64490564364,1.4092596041466366e-09,9.573936096904652e-10,0.1675327211757799,0.160949146579087,-0.07174617464443075,0.25723685644646604,-0.320640706032154,-0.03929724623636497,72.64551455370257,32.47607785876964,74.37724371887916,48.471035176623566,56.9058813687349
Kazakhstan,KAZ,2000,2022,15501108.0,142.1969757080078,274.3455810546875,9209.54107274138,25138.19896332407,2.590027461272768e-09,1.6267421858536252e-09,0.3845787289773868,0.334860672202435,0.9293348518047121,1.7295821545037366,-0.3719208733585295,-0.12927926853145133,0.0,100.0,81.70298190836135,61.32560979020733,56.6719988292241
Jamaica,JAM,2000,2022,2607827.0,10.313989639282228,7.907610893249512,6688.12341539527,7051.132963386929,2.4819910694753256e-09,1.6697952409657431e-09,0.2382557663172015,0.2365564693902773,-0.2333121158923504,0.054276741837038164,-0.3272355966539697,-0.007132238405772041,86.10934299102918,14.02515834882165,75.3193709505671,43.87603405796744,55.371975189119446
El Salvador,SLV,2000,2022,5943363.0,5.647693157196045,7.912705898284912,5296.404455692846,9437.572061660592,8.387127975104192e-10,7.282153165722004e-10,0.2139165692813891,0.1833257362572096,0.4010509562126063,0.781882811369628,-0.13174650639195248,-0.14300356969515465,33.245753648949474,80.17116466996617,47.39235805599321,63.28622424216495,55.31654493391626
Turkey,TUR,2000,2022,65425957.0,232.9339599609375,443.6026916503906,11999.136569358856,27406.826716961907,1.0999737909389912e-09,8.252526391235382e-10,0.2697431298512224,0.2252876949045953,0.9044139880882195,1.2840665708354648,-0.24975245235701266,-0.1648065512220705,0.0,100.0,64.2503503367161,66.40093588886721,54.450304039560024
Japan,JPN,2000,2022,127027794.0,1260.2030029296875,1029.6448974609375,33139.612503433695,38196.69673349289,1.485472890180937e-09,1.0465550063094752e-09,0.2015253099386912,0.2060620343917381,-0.18295314717768046,0.15259937724181952,-0.2954735066339714,0.022511933882781658,81.9127622648067,22.96357974925632,70.78192951913877,39.641152302459766,54.38139759619879
Libya,LBY,2000,2022,5305020.0,53.23854064941406,58.974002838134766,9421.915579394612,12658.771049851295,4.2603355971405334e-09,2.467664139218455e-09,0.2500092614838996,0.2613467220899946,0.10773139381279842,0.343545369641771,-0.42078174759877834,0.045348162459273915,57.68905051560013,40.322306331070095,88.68310679982548,36.37883393438944,54.21862158101001
Costa Rica,CRI,2000,2022,3937737.0,5.367232799530029,8.010137557983398,9153.246615251348,15810.63153621459,8.071709143540882e-10,5.828510241280575e-10,0.1844858487841563,0.1710482756688146,0.4924147800491884,0.727324981047769,-0.27790878763952404,-0.07283796130652455,25.63210166256763,75.21136191343354,68.27268394850344,53.26256590093208,53.46264924206238
Yemen,YEM,2000,2022,19624139.0,15.831746101379396,10.403768539428713,3699.500526418,1592.0568641639177,8.28344058472854e-10,1.0395536365264284e-09,0.2632596805815949,0.1644605808390495,-0.34285400531263904,-0.5696562677055735,0.2549780805369246,-0.37529142147509187,95.23783377605324,0.0,0.0,96.47020306787026,52.68890089978353
Bosnia and Herzegovina,BIH,2000,2022,4159785.0,13.702133178710938,20.742835998535156,6642.100369850846,14687.06598254744,1.974149786655385e-09,1.925446593181355e-09,0.251207015913972,0.2288760805994542,0.5138399056552295,1.2112080764713362,-0.02467046513048189,-0.08889455269897883,23.846674528730876,100.0,32.09578073292599,55.55636467128269,52.462249673025134
Saudi Arabia,SAU,2000,2022,16177733.0,309.6391296386719,666.9935302734375,30181.75799136999,56685.82115346621,2.7338829264756933e-09,1.7271108933079692e-09,0.2319603360994735,0.2117403674602522,1.154099616065238,0.878148422291195,-0.3682571859306263,-0.08716994025457091,0.0,88.92258384465408,81.17959799008948,55.309991464938705,52.2940634254161
China,CHN,2000,2022,1269581174.0,3643.8095703125,11711.8076171875,4688.697622439698,18921.1364730236,1.9823474057118115e-09,1.6508367625105141e-09,0.3087899846162007,0.2630891842928297,2.214165666781284,3.0354780787032825,-0.16723135523375132,-0.14799961980688325,0.0,100.0,52.461622176250195,63.99994568669761,51.49231085692444
Jordan,JOR,2000,2022,5386945.0,15.400890350341797,22.42768287658691,6650.382005013974,8820.136183579123,1.849430468160956e-09,1.1530551177601036e-09,0.2324441854854914,0.195913599955854,0.45625885039102076,0.32626008204179696,-0.37653502653350185,-0.15715852583422674,28.64509580074827,38.75091654925427,82.36214664764313,65.30836083346097,51.08077741543192
Mexico,MEX,2000,2022,98625553.0,391.4352722167969,453.7991027832031,12584.919799243104,15810.499473374084,1.366568357721426e-09,1.1295467290566e-09,0.2307749646727601,0.1975734485196031,0.15932092734827935,0.25630514342451166,-0.17344293633435837,-0.14386966194637663,53.38992272097671,32.39137667495561,53.34899090490835,63.40995170662523,50.63710709266989
Colombia,COL,2000,2022,39089939.0,56.21294021606445,89.43694305419922,8457.818766946655,14355.362737104511,9.50301008162293e-10,8.445032321010396e-10,0.1789170562416848,0.1425910586158594,0.5910383394007215,0.6972889976320596,-0.11133080482135528,-0.20303261404410486,17.413471716606544,72.48081796655086,44.47582926019361,71.86180200630069,50.20486236023358
Kenya,KEN,2000,2022,30642893.0,10.384895324707031,20.54436683654785,1938.7499661340723,3508.8207998981356,6.967464931971725e-10,4.5882818463023536e-10,0.2508856167218371,0.2352134030497131,0.9782931068809236,0.8098366788858459,-0.341470406941264,-0.06246756540651022,0.0,82.71242535325871,77.35291527732343,51.78108077235861,49.09395958686902
Philippines,PHL,2000,2022,79625401.0,71.46669006347656,150.96302795410156,4109.840167272752,8904.636286360199,9.403076871197967e-10,5.626458863049936e-10,0.2322507456990648,0.2643931954979003,1.112355110052201,1.166662430638811,-0.40163640687826085,0.13839546435938502,0.0,100.0,85.94805812546585,23.08636223437357,47.96120218368657
Brazil,BRA,2000,2022,174018278.0,340.18280029296875,480.0582885742187,9997.386790782975,15156.0425219895,1.358979726127373e-09,1.1707669000800652e-09,0.1438858253556463,0.1286427187495808,0.41117742625667086,0.5160004148246533,-0.13849568351078345,-0.10593890376893436,32.40188114527742,56.00003771133211,48.356526215826214,57.99127196699063,47.88969700632916
Iran,IRN,2000,2022,66418661.0,367.2133483886719,767.178466796875,8966.675028754344,17561.823838428933,2.3449875337767302e-09,2.21988266612815e-09,0.2629398283406981,0.2198143755425647,1.0891900312536178,0.9585658878136718,-0.05334990734346974,-0.16401263007692632,0.0,96.23326252851562,36.192843906209966,66.28751858241804,47.868764058975415
Iraq,IRQ,2000,2022,24424060.0,83.7216567993164,217.64390563964844,3399.075083790328,11972.604266667297,3.886002279136017e-09,1.288767343443009e-09,0.2595112245536958,0.3200625274263766,1.5996129790091005,2.5223123854376817,-0.668356513746167,0.23332826153017533,0.0,100.0,100.0,9.52453406711781,47.38113351677945
Panama,PAN,2000,2022,3010376.0,5.635843753814697,11.70734977722168,9535.847166267602,21533.052625503464,2.100707734207824e-09,1.0813639054766027e-09,0.0934573118640411,0.114248881749984,1.077302048925221,1.258116373936355,-0.48523828999735436,0.22247130236518947,0.0,100.0,97.89118428533635,11.07552823354436,47.34711891545336
India,IND,2000,2022,1057922731.0,987.0650634765624,2831.131591796875,2650.9294276369983,7349.570695488093,1.3283757116865355e-09,9.602175243664027e-10,0.2649553781927452,0.2814392279124989,1.8682319905288587,1.7724505295636628,-0.27714914092543214,0.06221368228940937,0.0,100.0,68.16416298934746,33.969473958655804,47.12520108753345
Chile,CHL,2000,2022,15503638.0,58.50262069702149,85.74378204345703,15050.69448241761,22929.33815086386,1.3173505712293642e-09,1.1230482851300587e-09,0.1903197234040039,0.1702936893287737,0.4656400178637203,0.5234737624665872,-0.1474947446358039,-0.10522311464650282,27.863331844689977,56.67943295150791,49.64210637654341,57.88901637807183,46.929533161110605
Algeria,DZA,2000,2022,30903894.0,84.55245208740234,192.778564453125,6748.474821716642,13101.456657946805,1.438214714976733e-09,1.2323314424511399e-09,0.2818925781943526,0.2625524567253836,1.279987861899602,0.9413952047040645,-0.14315197194246748,-0.0686081258075367,0.0,94.67229133673312,49.02171027749536,52.65830368679096,46.636990811380095
Peru,PER,2000,2022,26598328.0,28.677526473999023,64.78480529785156,4833.4466381871825,10206.81652645241,1.1462144408782884e-09,9.894392897281491e-10,0.1946097290866109,0.1916317456431543,1.2590792604302825,1.111705639990379,-0.13677645784152753,-0.015302335897766167,0.0,100.0,48.110922548789645,45.043190842538024,45.882982220392435
Pakistan,PAK,2000,2022,154879124.0,103.9397201538086,211.96971130371097,2968.757342700363,5411.70028622039,1.052100571153064e-09,7.423986170175056e-10,0.2148605594076229,0.216494167194721,1.0393523379709033,0.8228840088688223,-0.29436535120985285,0.007603106831714599,0.0,83.89854626080202,70.62362160140755,41.77098473832649,45.542107070063636
Argentina,ARG,2000,2022,37213986.0,143.3548126220703,183.7681427001953,14416.111343031083,18827.43506335373,1.3115744072664556e-09,1.1711599399075068e-09,0.2037347101940251,0.1835402856804967,0.2819112197137575,0.3059995594758729,-0.10705795003395685,-0.09912117819440969,43.174065023853544,36.90905086144298,43.86542143342241,57.01731117062995,45.20689430185878
Uruguay,URY,2000,2022,3266212.0,5.276981830596924,7.500854969024658,12968.388085341674,20368.03308666427,8.086366566808971e-10,7.270572124671499e-10,0.1540642257101974,0.1493744923021361,0.4214289929014543,0.5705909595415719,-0.10088516707688648,-0.03044011928429728,31.54758392487881,60.962814503779256,42.98359529669808,47.205731326328184,45.10313069433012
Mongolia,MNG,2000,2022,2455182.0,7.431863784790039,40.44316864013672,2943.0202783337445,13233.687160866091,2.35196360330977e-09,1.1796716752807846e-09,0.43731079534837,0.7650930923181274,4.441860859036089,3.4966347185207414,-0.4984311519018802,0.7495408310436057,0.0,100.0,99.77587884312574,0.0,44.95517576862515
Thailand,THA,2000,2022,63007815.0,167.35215759277344,272.5733642578125,9192.79160269246,15670.714829156475,1.2805049740864514e-09,1.2346111078003747e-09,0.2256359063478964,0.1963954314326133,0.6287412614128298,0.7046742171949932,-0.035840443586577016,-0.12959140851544582,14.27156154893085,73.1522015631812,33.69149194093958,61.37020121649226,44.650367547785535
North Korea,PRK,2000,2022,23665909.0,69.16504669189453,56.28948211669922,1595.4610221394837,1537.81339567409,8.060034155954027e-09,4.492852027445948e-09,0.2272691058850899,0.3094352054408439,-0.18615710089160112,-0.036132268770871764,-0.4425765523428913,0.361536598807663,82.17975840763341,5.806157384466203,91.79665033469874,0.0,44.46479693534632
Malaysia,MYS,2000,2022,22967817.0,122.88138580322266,281.8838195800781,13314.42213811613,25293.89546749212,2.0023033399650206e-09,1.5445911531782962e-09,0.2006846647262288,0.2079542544132342,1.293950525846735,0.8997366318348515,-0.22859282989295737,0.03622394215782487,0.0,90.88514834862285,61.22754712756534,37.68229397745359,44.387370007032175
Myanmar,MMR,2000,2022,45290850.0,10.219367980957031,31.63866424560547,1856.7446611180849,5413.736194465179,5.270619799289709e-10,4.6049986889493463e-10,0.2305683508221102,0.2360794604175208,2.095951168855214,1.915713887770203,-0.1262889632885424,0.023902281365852193,0.0,100.0,46.61270904122034,39.442531233449685,44.18317461660649
Bangladesh,BGD,2000,2022,134544303.0,26.53926658630371,102.14740753173828,1492.6257739058635,5066.236439093024,6.784775537981989e-10,5.96839231751095e-10,0.1947767804198914,0.1994388966732598,2.848915990182417,2.394177246340743,-0.12032575225235198,0.023935688038985006,0.0,100.0,45.760821750336,39.43775885157358,44.0116040629606
Sri Lanka,LKA,2000,2022,19293056.0,9.99037265777588,18.37696075439453,5936.942227763191,11156.07570640025,4.674855698394139e-10,3.8236528570341576e-10,0.186573359193698,0.18866156306881,0.8394669932648664,0.8790945369538193,-0.18208109432177297,0.011192401123807006,0.0,89.00859426852902,54.583013474538994,41.25822841088472,43.483308364761236
Cote d'Ivoire,CIV,2000,2022,17699007.0,6.630064010620117,14.504321098327637,2333.328286214023,3996.446119664929,8.059771276079361e-10,6.455156245366141e-10,0.1991912500468457,0.1849756149936167,1.1876592858069603,0.7127663275146862,-0.1990894003996821,-0.07136676460379551,0.0,73.88784795588055,57.01277148566887,53.05239494339936,43.13761502195375
Indonesia,IDN,2000,2022,216077789.0,281.054443359375,758.0205078125,5268.01054858998,12552.763417037906,1.0227521559678342e-09,7.854768229918399e-10,0.2414144651890084,0.275719776142167,1.697059326840972,1.382828071670764,-0.23199690324921368,0.14210130667315335,0.0,100.0,61.71384332131625,22.55695618954952,42.982007711650624
Zimbabwe,ZWE,2000,2022,11892055.0,13.81453800201416,12.231844902038574,2250.662682185711,1611.8916893152625,1.9341474002626948e-09,2.2203379068739862e-09,0.2668575398307951,0.2126897381681434,-0.11456721171166413,-0.28381462843206334,0.1479672679406033,-0.20298396551582376,76.21393430930534,0.0,7.433247437056673,71.85485221654625,42.3145428343395
Cameroon,CMR,2000,2022,14912632.0,5.588569164276123,9.792434692382812,2092.7032047729735,2993.82933317941,5.446519962634632e-10,4.3735412066039484e-10,0.328790749439236,0.270648733826885,0.7522257315842324,0.43060388417773493,-0.19700262982450442,-0.17683592288260608,3.981189034647299,48.23671674343045,56.714661403500635,68.11941755465801,41.626322565616434
Venezuela,VEN,2000,2022,24526707.0,142.90232849121094,108.42350006103516,13464.350893293584,5305.425982122081,2.3377577383508193e-09,4.316129180682851e-09,0.1851037162232675,0.1678259941864002,-0.24127548371121446,-0.6059649645075246,0.8462688027407332,-0.0933407626242756,86.77295697593453,0.0,0.0,56.19153751775366,40.07977147221877
Morocco,MAR,2000,2022,28423439.0,33.19903564453125,69.77945709228516,4807.275110200423,8348.854239141465,8.59660337628211e-10,8.559589925394444e-10,0.2826330721426641,0.2615776305129272,1.1018519284544237,0.7367123885683728,-0.004305590157827399,-0.0744974445846478,0.0,76.0647625971248,29.186512879689634,53.499634940663974,38.22840196038512
Ghana,GHA,2000,2022,19637085.0,5.31279993057251,20.745210647583008,2116.8811884757843,4387.197453497453,6.881819949598623e-10,6.978364481759051e-10,0.1857148586301715,0.2044111567786089,2.9047603746952118,1.0724816666051828,0.014028924451308671,0.10067206407899111,0.0,100.0,26.567296506955905,28.475419417286986,37.43231415571293
Syria,SYR,2000,2022,16637884.0,54.52677917480469,31.42333221435547,7525.851422933349,2330.7249203883684,1.688655909558407e-09,2.0798368083982096e-09,0.257878389245026,0.2885893150626574,-0.42370826427108466,-0.6903041543863057,0.23165222507769428,0.11909073074150112,100.0,0.0,0.0,25.8441813226427,36.461045330660674
Vietnam,VNM,2000,2022,77154016.0,53.93546676635742,322.65313720703125,2856.4042703882064,8364.751422241843,9.71712415377536e-10,1.5513176862609331e-09,0.2518595826873641,0.2494429428209388,4.982207192249389,1.9284200100656663,0.5964781983959782,-0.009595187289042288,0.0,100.0,0.0,44.22788389843461,36.05697097460865
Tunisia,TUN,2000,2022,9764940.0,19.43598747253418,30.78493309020996,7354.7672944227,10681.93323843266,1.237928618980529e-09,9.53590930026277e-10,0.2186112421436606,0.2493718029297632,0.5839140220538555,0.452382218337898,-0.22968827490910781,0.14070896118822773,18.007164828845383,50.21656530344527,61.384039272729694,22.755862687396036,35.92206430090988
Kuwait,KWT,2000,2022,1954713.0,54.979881286621094,115.84888458251952,36350.075708812496,47709.022609583495,3.0703690370695604e-09,2.140293801919544e-09,0.2520141342607895,0.247201581225857,1.1071141274128287,0.3124875720139753,-0.3029196894317643,-0.019096361595149134,0.0,37.49887018308867,71.84566991882346,45.58519451359274,35.14015015793505
Trinidad and Tobago,TTO,2000,2022,1319781.0,24.350034713745117,37.492889404296875,18940.260572019142,25077.082157972036,4.762301356868906e-09,4.6131932049016325e-09,0.2045478360447584,0.2166511630367599,0.5397468564236942,0.3240093536526606,-0.03131010425289603,0.05917113192707207,21.687761964692147,38.546304877514594,33.04430060755658,34.40412401041827,31.352795932902175
Guatemala,GTM,2000,2022,11697592.0,9.741985321044922,18.913354873657227,5875.706392649017,8192.830587974133,6.1307309463844e-10,6.557247979386591e-10,0.2311951174777256,0.1972542751228716,0.9414271578504685,0.3943567020680313,0.06957033944765242,-0.14680605163785085,0.0,44.941518369821026,18.63280865033537,63.829435948264404,30.91930030958843
Honduras,HND,2000,2022,6577781.0,5.031507968902588,11.742018699645996,3228.9471764110117,4753.327922338559,9.378534307571999e-10,1.0428456330508511e-09,0.2525938911167542,0.2263769549844376,1.3336977248606097,0.4720983845954094,0.11194947829841928,-0.10379085581368457,0.0,52.00894405412812,12.578645957368675,57.684407973383514,29.939067198351644
Ecuador,ECU,2000,2022,12689215.0,20.949247360229492,42.065650939941406,6775.745230969765,9819.89826626047,1.211097480951749e-09,1.2724660153475654e-09,0.201185881363726,0.1888737904532776,1.0079791038125672,0.4492720625587951,0.050671837206357165,-0.06119758914985319,0.0,49.93382386898137,21.332594684806125,51.59965559283617,29.64988880241561
Oman,OMN,2000,2022,2282139.0,23.984355926513672,77.99378967285156,25469.170611430767,37493.95815149753,1.9090098771165403e-09,2.393847895582412e-09,0.2161538571022799,0.1837045928367514,2.2518609176672864,0.47213110012581017,0.25397355156600554,-0.1501211438025561,0.0,52.01191819325546,0.0,64.3030205432223,29.07873468411944
Bolivia,BOL,2000,2022,8606330.0,8.442281723022461,23.48820686340332,3965.248424938388,6472.162107370312,1.1633819364515566e-09,1.3242228715125063e-09,0.2126420392172989,0.2269210142316241,1.7822107380460879,0.6322210902765509,0.13825290733972745,0.06715029195018922,0.0,66.56555366150462,8.821013237181795,33.26424400711582,26.72165206459147
